{
  "cloudant_apikey": "0XDNnA6mPathnxE4-h11ZuHNK7-oCTlmUjIbIr5ZSOX9",
  "cloudant_host": "db6b50aa-ab05-4072-982d-c982fe599eca-bluemix.cloudantnosqldb.appdomain.cloud",
  "cloudant_iam_apikey_description": "Auto-generated for key 8f9add03-4b5a-4bb1-9e62-3713fcf9027a",
  "cloudant_iam_apikey_name": "891b674d-265b-43b6-95e5-3189e9cd60ba",
  "cloudant_iam_role_crn": "crn:v1:bluemix:public:iam::::serviceRole:Writer",
  "cloudant_iam_serviceid_crn": "crn:v1:bluemix:public:iam-identity::a/d3260db10f6d480ea52b11252dfded8c::serviceid:ServiceId-64db927f-6615-4abc-abe6-0178f4f025f7",
  "cloudant_password": "e411a189132915d7947ab2197deb9a6374282376c5324ce01267273d77f060b8",
  "cloudant_port": 443,
  "cloudant_url": "https://db6b50aa-ab05-4072-982d-c982fe599eca-bluemix:e411a189132915d7947ab2197deb9a6374282376c5324ce01267273d77f060b8@db6b50aa-ab05-4072-982d-c982fe599eca-bluemix.cloudantnosqldb.appdomain.cloud",
  "cloudant_username": "db6b50aa-ab05-4072-982d-c982fe599eca-bluemix"
}
